product_id,category,product_line,total_sales,total_cogs,return_logistics_cost
SKU-1001,Footwear,Performance Sneakers,"$124,500","$142,000","$10,800"
SKU-1002,Footwear,Trail Running Shoes,"$98,200","$105,000","$7,400"
SKU-1003,Footwear,Lifestyle Canvas,"$210,000","$160,000","$8,500"
SKU-1004,Outerwear,Heavy Winter Parka,"$185,000","$202,000","$15,200"
SKU-1005,Outerwear,Lightweight Windbreaker,"$142,000","$130,000","$5,100"
SKU-1006,Outerwear,Puffer Vest,"$88,400","$96,000","$6,800"
SKU-1007,Apparel,Merino Wool Crewneck,"$156,000","$168,000","$9,500"
SKU-1008,Apparel,Alpaca Knit Sweater,"$112,000","$125,000","$8,200"
SKU-1009,Apparel,Graphic Tees,"$320,000","$210,000","$11,000"
SKU-1010,Apparel,Pima Cotton Polo,"$145,000","$138,000","$4,200"
SKU-1011,Accessories,Alpaca Crew Socks,"$210,000","$180,000","$12,000"
SKU-1012,Accessories,Leather Crossbody Bag,"$134,000","$145,000","$7,900"
SKU-1013,Accessories,Merino Wool Beanie,"$76,000","$82,500","$4,100"
SKU-1014,Accessories,Canvas Tote Bag,"$95,000","$70,000","$3,500"
SKU-1015,Equipment,Daypack Backpack 25L,"$168,000","$179,000","$8,800"
SKU-1016,Equipment,Travel Duffel 50L,"$122,000","$135,000","$9,100"
SKU-1017,Equipment,Hydration Pack,"$64,000","$58,000","$2,400"
SKU-1018,Sleepwear,Thermal Base Layer,"$105,000","$114,000","$6,500"
SKU-1019,Sleepwear,Fleece Lounge Pants,"$89,000","$92,000","$4,800"
SKU-1020,Sleepwear,Silk Eye Mask,"$45,000","$32,000","$1,200"